Workbook

Sheet 预算汇总
A1: 团队预算表 — 〔填写团队 / 项目名称〕
A2: 统计周期 | B2: 〔填写起止日期〕
A4: 分类 | B4: 预算合计（元） | C4: 实际支出（元） | D4: 差额（元） | E4: 使用率
A5: 人力 | B5: =SUMIF(明细!B:B,A5,明细!C:C) -> 0 | C5: =SUMIF(明细!B:B,A5,明细!D:D) -> 0 | D5: =B5-C5 -> 0 | E5: =IF(B5=0,0,C5/B5) -> 0
A6: 市场推广 | B6: =SUMIF(明细!B:B,A6,明细!C:C) -> 0 | C6: =SUMIF(明细!B:B,A6,明细!D:D) -> 0 | D6: =B6-C6 -> 0 | E6: =IF(B6=0,0,C6/B6) -> 0
A7: 软件与设备 | B7: =SUMIF(明细!B:B,A7,明细!C:C) -> 0 | C7: =SUMIF(明细!B:B,A7,明细!D:D) -> 0 | D7: =B7-C7 -> 0 | E7: =IF(B7=0,0,C7/B7) -> 0
A8: 差旅 | B8: =SUMIF(明细!B:B,A8,明细!C:C) -> 0 | C8: =SUMIF(明细!B:B,A8,明细!D:D) -> 0 | D8: =B8-C8 -> 0 | E8: =IF(B8=0,0,C8/B8) -> 0
A9: 培训 | B9: =SUMIF(明细!B:B,A9,明细!C:C) -> 0 | C9: =SUMIF(明细!B:B,A9,明细!D:D) -> 0 | D9: =B9-C9 -> 0 | E9: =IF(B9=0,0,C9/B9) -> 0
A10: 其他 | B10: =SUMIF(明细!B:B,A10,明细!C:C) -> 0 | C10: =SUMIF(明细!B:B,A10,明细!D:D) -> 0 | D10: =B10-C10 -> 0 | E10: =IF(B10=0,0,C10/B10) -> 0
A11: 合计 | B11: =SUM(B5:B10) -> 0 | C11: =SUM(C5:C10) -> 0 | D11: =B11-C11 -> 0 | E11: =IF(B11=0,0,C11/B11) -> 0

Sheet 明细
A1: 科目 | B1: 分类 | C1: 预算金额（元） | D1: 实际支出（元） | E1: 差额（元） | F1: 使用率
A2: 〔填写科目，如工资〕 | B2: 人力 | C2: 0 | D2: 0 | E2: =C2-D2 -> 0 | F2: =IF(C2=0,0,D2/C2) -> 0
A3: 〔填写科目，如社保公积金〕 | B3: 人力 | C3: 0 | D3: 0 | E3: =C3-D3 -> 0 | F3: =IF(C3=0,0,D3/C3) -> 0
A4: 〔填写科目，如招聘费用〕 | B4: 人力 | C4: 0 | D4: 0 | E4: =C4-D4 -> 0 | F4: =IF(C4=0,0,D4/C4) -> 0
A5: 〔填写科目，如线上投放〕 | B5: 市场推广 | C5: 0 | D5: 0 | E5: =C5-D5 -> 0 | F5: =IF(C5=0,0,D5/C5) -> 0
A6: 〔填写科目，如活动物料〕 | B6: 市场推广 | C6: 0 | D6: 0 | E6: =C6-D6 -> 0 | F6: =IF(C6=0,0,D6/C6) -> 0
A7: 〔填写科目，如软件订阅〕 | B7: 软件与设备 | C7: 0 | D7: 0 | E7: =C7-D7 -> 0 | F7: =IF(C7=0,0,D7/C7) -> 0
A8: 〔填写科目，如服务器〕 | B8: 软件与设备 | C8: 0 | D8: 0 | E8: =C8-D8 -> 0 | F8: =IF(C8=0,0,D8/C8) -> 0
A9: 〔填写科目，如出差交通〕 | B9: 差旅 | C9: 0 | D9: 0 | E9: =C9-D9 -> 0 | F9: =IF(C9=0,0,D9/C9) -> 0
A10: 〔填写科目，如住宿〕 | B10: 差旅 | C10: 0 | D10: 0 | E10: =C10-D10 -> 0 | F10: =IF(C10=0,0,D10/C10) -> 0
A11: 〔填写科目，如外部课程〕 | B11: 培训 | C11: 0 | D11: 0 | E11: =C11-D11 -> 0 | F11: =IF(C11=0,0,D11/C11) -> 0
A12: 〔填写科目，如团队建设〕 | B12: 其他 | C12: 0 | D12: 0 | E12: =C12-D12 -> 0 | F12: =IF(C12=0,0,D12/C12) -> 0
A13: 〔填写科目〕 | B13: 其他 | C13: 0 | D13: 0 | E13: =C13-D13 -> 0 | F13: =IF(C13=0,0,D13/C13) -> 0
